R(&ouml\;|oe?)ssl	C\.|Ch\.|Christian	http://wwwisg.cs.uni-magdeburg.de/isg/roessl.html
Theobalt		C\.|Ch\.|Christian	http://www.mpi-inf.mpg.de/~theobalt
(de\s+)?Aguiar			E\.|Edilson(\sde)?	http://www.mpi-inf.mpg.de/~edeaguia
Seidel			H\.?-P\.|Hans-Peter	http://www.mpi-inf.mpg.de/~hpseidel
Botsch			M\.|Mario		http://cg.www.techfak.uni-bielefeld.de/people/botsch.php
Pauly			M\.|Mark		http://lgg.epfl.ch/people.php?p=1
Kobbelt			L\.(P\.)?|Leif(\s+P.)?	http://www-i8.informatik.rwth-aachen.de/index.php?id=4
Alliez			P\.|Pierre		http://www-sop.inria.fr/members/Pierre.Alliez/
L(&eacute\;|e|é|\{\\'e\})vy 	B\.|Bruno		http://alice.loria.fr/index.php/bruno-levy.html
Zayer			R\.|Rhaleb		http://alice.loria.fr/index.php/members.html
Bischoff		S\.|Stephan		http://www-i8.informatik.rwth-aachen.de/index.php?id=4
Alexa			M\.|Marc		http://cg.cs.tu-berlin.de/~marc/
Sorkine			O\.|Olga		http://www.cs.nyu.edu/~sorkine/
Cohen-Or		D\.|Daniel		http://www.cs.tau.ac.il/~dcor/
Belyaev			A\.|Alexander		http://www.eps.hw.ac.uk/~belyaev
Buse			L\.|Laurent		http://www-sop.inria.fr/galaad/buse/
Elber			G\.|Gershon		http://www.cs.technion.ac.il/~gershon/
Hahmann			S\.|Stefanie		http://ljk.imag.fr/membres/Stefanie.Hahmann/
Ivrissimtzis		I\.|Ioannis		http://www.dur.ac.uk/ioannis.ivrissimtzis/
Karni			Z\.|Zachi		http://www.hpl.hp.com/people/zachi_karni/
Levin			D\.|David		http://www.cs.tau.ac.il/~levin/
Lipman			Y\.|Yaron		http://www.cs.tau.ac.il/~lipmanya/
Mourrain		B\.|Bernard		http://www-sop.inria.fr/galaad/mourrain/
N(&uuml;|u)rnberger	G\.|G(&uuml;|ue?)nther	http://ls4.math.uni-mannheim.de/mitarbeiter/prof_dr_g_nuernberger/index.html
Zeilfelder		F\.|Frank		http://www.math.uni-mannheim.de/~lsmath4/frames/zeilfelder.html
Stoll			C\.|Carsten		http://www.mpi-inf.mpg.de/~stoll/
Theisel			H\.|Holger		http://wwwisg.cs.uni-magdeburg.de/isg/theisel.html
Weinkauf		T\.|Tino		http://www.zib.de/mitarbeiter/mit.pl?email=weinkauf&language=de
Yamauchi		H\.|Hitoshi		http://www.mpi-inf.mpg.de/~hitoshi/
Greiner			G\.|G(&uuml;|ue?)nther	http://www9.informatik.uni-erlangen.de/people/card/guenther/greiner/
Stamminger		M\.|Marc		http://www9.informatik.uni-erlangen.de/people/card/marc/stamminger/
Girod			B\.|Bernd		http://www.stanford.edu/~bgirod/
Thrun			S\.|Sebastian		http://robots.stanford.edu/
Schumaker		L\.|Larry(\s+L\.)?	http://www.math.vanderbilt.edu/~schumake/
Lyche			T\.|Tom			http://heim.ifi.uio.no/~tom/
Desbrun			M\.|Mathieu		http://geometry.caltech.edu/~mathieu/			
Schr(&ouml;|oe?)der	P\.|Peter		http://www.cs.caltech.edu/~ps/
Pottmann		H\.|Helmut		http://www.geometrie.tuwien.ac.at/pottmann/
Hoppe			H\.|Hugues		http://research.microsoft.com/en-us/um/people/hoppe/
Garland			M\.|Michael		http://mgarland.org/
Stam			J\.|Jos			http://www.dgp.toronto.edu/~stam/
Gumhold			S\.|Stefan		http://www.inf.tu-dresden.de/index.php?node_id=468&ln=en
Isenburg		M\.|Martin		http://people.llnl.gov/isenburg1
Ahmed			N\.|Naveed		http://www.mpi-inf.mpg.de/~nahmed
Ziegler			G\.|Gernot		http://www.lysator.liu.se/~gz/
Annen			T\.|Tom|Thomas		http://www.mpi-inf.mpg.de/~tannen/
Martinez(\s+Esturo)?	J\.|Janick		http://wwwisg.cs.uni-magdeburg.de/isg/martinez
Schulze              	M\.|Maik  		http://wwwisg.cs.uni-magdeburg.de/isg/schulze
Vallet			B\.|Bruno		http://www.loria.fr/~vallet/
Durand			F\.|Fr(&eacute\;|e)do	http://people.csail.mit.edu/fredo
Bommes			D\.|David		http://www.graphics.rwth-aachen.de/index.php?id=4
Kindlmann		G\.|Gordon		http://people.cs.uchicago.edu/~glk/
Rusinkiewicz		S\.|Szymon		http://www.cs.princeton.edu/~smr/
